technology	Google将要推出tensorflow2.0。
game	APEX是个新出的吃鸡游戏。
game	APEX是个新出的吃鸡游戏。
game	APEX是个新出的吃鸡游戏。
game	APEX是个新出的吃鸡游戏。
game	APEX是个新出的吃鸡游戏。
game	APEX是个新出的吃鸡游戏。
game	APEX是个新出的吃鸡游戏。
game	APEX是个新出的吃鸡游戏。
game	APEX是个新出的吃鸡游戏。
game	APEX是个新出的吃鸡游戏。
game	APEX是个新出的吃鸡游戏。
game	APEX是个新出的吃鸡游戏。
game	APEX是个新出的吃鸡游戏。
game	APEX是个新出的吃鸡游戏。
game	APEX是个新出的吃鸡游戏。
game	APEX是个新出的吃鸡游戏。
game	APEX是个新出的吃鸡游戏。
game	APEX是个新出的吃鸡游戏。
game	APEX是个新出的吃鸡游戏。
game	APEX是个新出的吃鸡游戏。
game	APEX是个新出的吃鸡游戏。
game	APEX是个新出的吃鸡游戏。
game	APEX是个新出的吃鸡游戏。
game	APEX是个新出的吃鸡游戏。
game	APEX是个新出的吃鸡游戏。
game	APEX是个新出的吃鸡游戏。
game	APEX是个新出的吃鸡游戏。
game	APEX是个新出的吃鸡游戏。
game	APEX是个新出的吃鸡游戏。
game	APEX是个新出的吃鸡游戏。
game	APEX是个新出的吃鸡游戏。
game	APEX是个新出的吃鸡游戏。
game	APEX是个新出的吃鸡游戏。
game	APEX是个新出的吃鸡游戏。
game	APEX是个新出的吃鸡游戏。
game	APEX是个新出的吃鸡游戏。
game	APEX是个新出的吃鸡游戏。
game	APEX是个新出的吃鸡游戏。
game	APEX是个新出的吃鸡游戏。
game	APEX是个新出的吃鸡游戏。
game	APEX是个新出的吃鸡游戏。
game	APEX是个新出的吃鸡游戏。
game	APEX是个新出的吃鸡游戏。
game	APEX是个新出的吃鸡游戏。
game	APEX是个新出的吃鸡游戏。
game	APEX是个新出的吃鸡游戏。
game	APEX是个新出的吃鸡游戏。
game	APEX是个新出的吃鸡游戏。
game	APEX是个新出的吃鸡游戏。
game	APEX是个新出的吃鸡游戏。
game	APEX是个新出的吃鸡游戏。
game	APEX是个新出的吃鸡游戏。
game	APEX是个新出的吃鸡游戏。
game	APEX是个新出的吃鸡游戏。
game	APEX是个新出的吃鸡游戏。
game	APEX是个新出的吃鸡游戏。
game	APEX是个新出的吃鸡游戏。
game	APEX是个新出的吃鸡游戏。
game	APEX是个新出的吃鸡游戏。
game	APEX是个新出的吃鸡游戏。
game	APEX是个新出的吃鸡游戏。
game	APEX是个新出的吃鸡游戏。
game	APEX是个新出的吃鸡游戏。
game	APEX是个新出的吃鸡游戏。
game	APEX是个新出的吃鸡游戏。
game	APEX是个新出的吃鸡游戏。
game	APEX是个新出的吃鸡游戏。
game	APEX是个新出的吃鸡游戏。
game	APEX是个新出的吃鸡游戏。
game	APEX是个新出的吃鸡游戏。
game	APEX是个新出的吃鸡游戏。
game	APEX是个新出的吃鸡游戏。
game	APEX是个新出的吃鸡游戏。
game	APEX是个新出的吃鸡游戏。
game	APEX是个新出的吃鸡游戏。
game	APEX是个新出的吃鸡游戏。
game	APEX是个新出的吃鸡游戏。
game	APEX是个新出的吃鸡游戏。
game	APEX是个新出的吃鸡游戏。
game	APEX是个新出的吃鸡游戏。
game	APEX是个新出的吃鸡游戏。
game	APEX是个新出的吃鸡游戏。
game	APEX是个新出的吃鸡游戏。
game	APEX是个新出的吃鸡游戏。
game	APEX是个新出的吃鸡游戏。
game	APEX是个新出的吃鸡游戏。
game	APEX是个新出的吃鸡游戏。
game	APEX是个新出的吃鸡游戏。
game	APEX是个新出的吃鸡游戏。
game	APEX是个新出的吃鸡游戏。
game	APEX是个新出的吃鸡游戏。
game	APEX是个新出的吃鸡游戏。
game	APEX是个新出的吃鸡游戏。
game	APEX是个新出的吃鸡游戏。
game	APEX是个新出的吃鸡游戏。
game	APEX是个新出的吃鸡游戏。
game	APEX是个新出的吃鸡游戏。
